source,target
GR,0723
GR,0724
GR,0948
GR,0945
GR,0867
GR,0581
GR,0708
GR,0947
GR,0765
G,0001
V,0217
GR,0056
GR,0047
GR,0946
Q,0002
GR,0693
GR,0695
GR,0694
GR,0890
GR,0693
GR,0692
GR,0699
GR,0306
GR,0305
GR,0306
GR,0663
GR,0321
GR,0696
GR,0305
GR,0306
GR,0198
GR,1056
GR,0198
GR,0696
GR,0305
GR,0306
GR,0699
GR,0306
GR,0695
GR,0692
GR,0677
GR,0676
G,0001
GR,0082
G,0001
GR,0705
I,0016
GR,0522
QT,0504
GR,0069
GR,0725
GR,0689
GR,0722
G,0001
GR,0183
GR,0701
G,0001
GR,0183
GR,0698
G,0001
GR,0183
GR,0717
G,0001
GR,0183
GR,0501
G,0001
K,0008
GR,0500
GR,0332
GR,1061
GR,0193
G,0001
G,0001
G,0008
G,0001
G,0008
G,0001
GR,0008
G,0001
G,0001
G,0001
YL,0013
YL,0013
YL,0013
G,0001
G,0001
G,0001
G,0001
G,0001
BD,0008
GR,0054
GR,0005
GR,0010
GR,0054
GR,0010
G,0054
GR,0005
GR,0488
GR,0003
GR,0010
GR,0054
GR,0005
GR,0489
GR,0003
GR,0054
GR,0005
G,0488
G,0054
GR,0005
GR,0488
GR,0003
G,0860
GR,0054
GR,0861
GR,0035
GR,0054
GR,0005
G,0488
GR,0003
GR,0054
GR,0010
GR,0054
GR,0005
G,0488
GR,0003
GR,0054
G,0488
GR,0003
GR,0054
GR,0005
GR,0003
GR,0488
G,0054
G,0488
GR,0086
GR,0003
GR,0010
GR,0083
GR,0054
GR,0488
GR,0054
GR,0010
GR,0054
GR,0003
GR,0010
G,0054
GR,0005
G,0488
GR,0054
GR,0005
G,0488
GR,0543
HG,0399
G,1104
U,0019
GR,0003
G,0001
GR,0203
G,1104
G,0001
GR,0003
U,0423
G,0001
BD,0505
G,1104
G,0041
BD,0505
GR,0210
G,1104
GR,0330
U,0422
G,0001
G,1104
GR,0210
G,0505
GR,0263
U,0423
GR,0011
GR,0718
G,0005
GR,0330
G,0001
GR,0706
G,1104
Q,0002
K,0136
GR,0811
G,1104
GR,0263
G,0256
G,0001
G,0001
GR,0904
G,0001
G,0004
G,1104
G,0001
G,0001
U,0423
GR,0330
BD,0505
G,1104
GR,0263
G,0001
U,0423
GR,0876
GR,0330
G,0256
G,0004
GR,0062
GR,0492
G,1104
GR,0263
GR,0087
GR,0210
G,0005
G,1104
GR,0001
U,0423
GR,0901
GR,0424
GR,0003
G,1104
G,0170
GR,0210
G,0005
GR,0876
GR,0654
G,1104
G,0872
GR,0424
G,0001
G,0001
GR,0085
GR,0263
G,0001
G,1104
U,0626
G,0041
G,0004
G,0001
G,0256
G,1104
G,0004
G,0001
G,1104
U,0626
G,0041
G,0004
G,0001
GR,0876
GR,0424
G,1104
G,0001
QS,0072
G,0041
G,0001
U,0423
GR,0003
G,0005
G,0862
G,0001
G,0005
G,0862
GR,0005
G,0001
G,0864
GR,0040
YL,0013
QS,0003
G,0819
G,0051
GR,0796
GR,0003
GR,0054
GR,0005
GR,0005
G,0054
G,0001
GR,0806
GR,0084
U,0019
GR,0005
GR,0062
QT,0054
GR,0005
GR,0010
GR,0877
QT,0840
GR,0548
I,0624
GR,0054
G,0488
GR,0161
GR,0003
GR,0010
GR,0054
G,0488
GR,0161
GR,0003
GR,0010
GR,0998
QT,0054
GR,0005
G,0488
GR,0010
GR,0054
GR,0005
GR,0488
GR,0010
GR,0877
GR,0863
P,0859
GR,0054
G,0488
GR,0013
GR,0877
GR,0001
GR,0806
GR,0084
GR,1130
GR,0605
G,0001
QS,0398
GR,0402
B,0135
GR,0653
G,0001
GR,0079
GR,0054
GR,0625
GR,0054
GR,0442
Q,1007
GR,0552
G,0001
GR,0586
GR,0560
S,0558
GR,0554
GR,0700
GR,0587
G,0001
GR,1161
P,0667
GR,0223
GR,0557
P,0667
GR,0878
GR,0555
GR,0556
GR,0858
GR,0857
GR,0091
GR,0907
GR,0091
GR,0907
GR,0091
GR,0907
GR,0091
GR,0907
GR,0908
GR,0908
GR,0908
GR,0140
HX-LS,0583
GR,0140
HX-LS,0583
GR,0140
HX-LS,0583
HX-LS,0582
HX-LS,0582
HX-LS,0582
GR,1144
GR,1144
GR,1144
GR,0268
GR,0003
GR,0187
GR,0268
GR,0003
GR,0187
GR,0358
S,0553
GR,0362
GR,0322
GR,0318
GR,0359
GR,0319
GR,0360
GR,0934
GR,0628
GR,0363
GR,0361
QS-BX,0077
GR,0364
HX-LS,0533
G,0001
XX,0017
GR,0764
GR,0411
GR,0412
GR,0356
GR,1162
GR,0355
GR,0352
AD,0355
GR,0350
GR,0357
GR,0351
GR,0354
GR,0355
GR,1008
GR,0357
GR,0351
QT,0439
GR,0884
GR,0885
GR,0579
GR,0426
GR,0843
GR,0842
GR,0882
GR,0756
GR,0117
GR,0640
H,0335
GR,0640
GR,0530
G,0001
GR,0530
G,0001
G,0793
GR,0530
G,0001
G,0793
GR,0530
G,0793
F,0439
G,0001
GR,0530
G,0793
GR,0530
G,0001
GR,0530
G,0001
G,0793
GR,0530
G,0793
F,0439
GR,1186
GR,1186
H,0053
W,0433
GR,1186
GR,1186
H,0053
W,0450
GR,1186
H,0053
QS-CH,0455
H,0053
GR,1186
W,1053
GR,1186
H,0053
GR,1186
H,0053
W,1053
GR,0435
E,0661
GR,0435
E,0221
E,0661
GR,0435
GR,0797
E,0661
GR,1186
GR,0432
GR,0265
GR,0435
E,0221
E,0661
GR,0435
GR,0797
GR,0435
W,0996
GR,0435
E,0661
GR,1186
H,0053
W,0433
GR,1186
GR,0333
GR,0333
GR,0440
GR,0429
GR,0429
GR,0441
GR,0822
GR,0922
GR,0074
GR,1138
W,1067
GR,1133
GR,0074
GR,1134
GR,1139
GR,1137
P,0524
GR,0074
GR,1132
W,1139
GR,0074
GR,1131
GR,1037
GR,0309
GR,0002
GR,0311
GR,0310
GR,0511
Q,0002
GR,0512
GR,1076
GR,0511
Q,0002
GR,0512
GR,1076
GR,0511
GR,0511
Q,0002
GR,0512
GR,1076
F,0910
GR,0823
GR,0820
GR,0839
G,0001
G,0298
GR,0012
GR,0219
GR,0218
GR,1095
G,0001
GR,0220
GR,1135
GR,0012
GR,1177
GR,0012
GR,0274
GR,0258
GR,0258
K,0143
GR,0134
G,0001
GR,0134
K,0143
G,0001
GR,0664
G,0549
GR,0249
GR,0250
GR,0261
K,0325
GR,0873
GR,0068
K,0259
GR,0261
K,0259
GR,0260
K,0325
G,0001
G,0001
G,0001
G,0008
GR,0003
K,0037
GR,0195
GR,1040
GR,0003
G,0001
G,0008
K,0168
GR,0003
G,0001
G,0008
G,0499
GR,0194
GR,0003
G,0001
K,0037
GR,0196
GR,0195
GR,1040
G,0001
G,0008
GR,0003
GR,0194
GR,0003
GR,0417
GR,0194
GR,0003
G,0008
GR,0194
GR,0003
GR,0037
G,0008
GR,0473
GR,0421
GR,0194
GR,0003
GR,0001
GR,0194
GR,0003
G,0008
GR,0194
G,0001
G,0008
GR,0475
GR,0194
GR,0167
GR,0003
GR,0037
GR,0194
GR,0003
G,0001
GR,0194
GR,0003
GR,0194
GR,0167
G,0001
GR,0194
GR,0167
GR,0003
G,0001
G,0001
GR,0016
GR,0194
GR,0167
GR,0003
G,0001
GR,0194
GR,0167
GR,0003
GR,0037
GR,0194
GR,0167
GR,0003
G,0001
GR,0194
GR,0167
GR,0003
G,0001
GR,0194
GR,0167
GR,0003
G,0001
GR,0194
GR,0167
GR,0003
G,0001
GR,0003
G,0001
G,0008
GR,0003
GR,0016
GR,0194
GR,0003
GR,1168
GR,1167
GR,1168
G,0001
GR,0042
GR,0436
GR,1071
GR,0648
GR,0461
GR,0042
GR,1070
GR,0042
GR,0436
GR,0159
GR,0193
GR,0042
G,0001
GR,0951
GR,0042
G,0001
GR,0249
GR,0250
GR,0018
GR,0138
GR,0018
GR,0018
GR,0018
GR,0018
GR,0018
GR,0138
K,1041
Q,0002
G,0008
G,0008
G,0021
G,0008
G,0008
GR,1062
G,0008
GR,1062
G,0008
G,0021
GR,1062
G,0008
G,0008
G,0008
G,0008
Q,0002
GR,1062
GR,0810
GR,0681
GR,0444
GR,1035
GR,0633
GR,0092
GR,0752
GR,0799
GR,0752
GR,0800
GR,0228
GR,0228
GR,0156
GR,0283
GR,0158
GR,0080
GR,0281
GR,1194
GR,1219
GR,0156
GR,0156
GR,0283
GR,0518
GR,0909
GR,0080
GR,0156
GR,0080
AA,1211
GR,0283
GR,0518
GR,0283
GR,0283
GR,0307
GR,0516
GR,0445
GR,0369
GR,0595
GR,0094
GR,0594
GR,0593
GR,0427
GR,0646
GR,0592
GR,0094
GR,1111
GR,1110
GR,1109
GR,1110
GR,1111
GR,1109
GR,0154
M,0678
GR,0338
AB,0912
GR,0340
GR,0912
GR,0918
GR,0911
GR,0790
U,0791
GR,0127
GR,1166
GR,0591
Q,1002
GR,0590
Q,1002
Q,0002
GR,0758
GR,0525
GR,0757
GR,0094
GR,0514
GR,0013
GR,1059
GR,1021
GR,0165
GR,0762
AD,1063
AB,0955
GR,0059
AB,1030
GR,1031
AB,0061
AB,0060
Q,1003
GR,0059
Q,0002
AB,1030
GR,0059
G,0493
AB,1026
AB,0060
AB,0061
GR,0798
GR,0892
GR,0798
GR,0050
GR,0050
GR,0892
GR,1028
G,0004
AD,0061
GR,1024
G,0004
GR,1028
Q,0002
GR,1027
G,0004
G,0004
GR,1028
SF-JC,1026
GR,1029
G,0004
GR,1032
G,0001
GR,0013
GR,1032
G,0001
GR,0477
H,0355
GR,1018
GR,1017
GR,1019
GR,1033
Q,0002
GR,1175
GR,0880
GR,1034
AB,1026
GR,0059
Q,0002
AB,0812
AB,0026
GR,0132
GR,0026
GR,0133
GR,1117
GR,0277
GR,0211
GR,0881
G,0001
GR,1013
V,0697
GR,0485
GR,0697
GR,0697
GR,0001
GR,0573
QT,1156
I,0016
GR,0572
U,0571
GR,0570
G,0001
GR,0991
GR,0570
P,0416
U,0988
U,0574
GR,0666
GR,0979
GR,0003
U,0057
GR,0979
U,0057
GR,0979
GR,0003
U,0057
GR,0979
U,0057
GR,0979
U,0057
GR,0984
GR,0534
U,0057
G,0001
GR,0980
GR,1187
GR,0003
GR,1187
GR,0003
GR,1187
GR,0003
GR,0006
GR,0902
GR,0003
G,0011
P,0016
GR,0902
GR,0003
G,0011
P,0016
GR,0818
GR,0003
G,0022
P,0016
GR,0818
GR,0003
G,0022
P,0016
GR,0985
GR,0003
GR,0242
GR,0239
GR,0240
GR,0240
GR,0240
U,0029
GR,0240
GR,0241
GR,0028
GR,0029
GR,0334
GR,0378
U,0374
GR,0006
GR,0378
U,0374
GR,0006
GR,0376
U,0374
GR,0377
G,0001
GR,0003
I,0017
GR,0373
GR,0375
G,0001
GR,1141
U,0374
U,0374
GR,1141
GR,0379
G,0001
GR,0003
GR,0603
GR,0805
GR,0006
Q,1048
Q,0830
GR,0828
GR,0828
Q,0830
GR,0828
Q,0830
GR,0828
GR,0828
GR,0828
GR,0828
GR,0829
GR,0832
GR,1214
GR,0834
G,0001
GR,1214
GR,1214
GR,0841
GR,0006
G,0001
GR,0016
GR,1212
GR,0049
GR,0278
GR,1217
GR,0049
GR,0049
GR,0589
GR,0001
GR,0942
GR,0012
GR,0012
GR,0043
GR,0012
Q,0002
GR,0012
G,0001
GR,0043
GR,0206
GR,0043
GR,0276
GR,0043
GR,0616
GR,0043
G,0001
G,0636
GR,0012
GR,0012
Q,0002
GR,0012
Q,0002
GR,0012
GR,0012
GR,0012
GR,0012
GR,0012
GR,0043
G,0001
GR,0302
GR,0043
G,0001
G,0636
GR,0637
GR,0043
G,0001
GR,0635
GR,0045
GR,0629
GR,0043
G,0001
GR,0045
GR,0638
GR,0045
GR,0638
GR,0012
G,0001
GR,0045
G,0001
GR,0012
G,0001
Q,0002
GR,0043
G,0001
Q,0002
GR,0045
GR,0638
GR,0045
GR,0043
G,0001
G,0636
GR,0045
GR,0012
GR,0012
GR,0012
GR,0012
G,0001
GR,0043
G,0001
GR,0012
G,0001
Q,0002
GR,0045
G,0001
GR,0043
G,0001
GR,0302
GR,0043
G,0001
GR,0635
GR,0331
GR,0963
G,0001
GR,0116
G,0001
G,0704
GR,0963
G,0704
GR,0963
GR,0964
AB,1078
GR,0507
GR,0963
Q,0001
GR,0535
AB,0536
GR,0115
AB,0894
GR,1068
GR,0774
F,0448
H,0915
AB,0542
GR,0775
GR,0900
GR,0774
GR,0774
F,0448
QT,0769
GR,0443
GR,0657
G,0428
GR,0657
GR,0657
AB,0126
GR,0657
AB,1042
GR,0657
AB,1042
GR,0657
GR,0657
GR,0657
AB,0126
GR,0989
GR,0990
GR,0540
GR,0539
Q,0002
GR,0093
GR,0952
Q,0002
AB,0538
GR,0320
Q,0002
GR,0540
G,1005
GR,0166
G,1005
GR,0540
GR,0540
Q,0002
GR,0656
GR,0719
GR,0631
GR,0719
GR,0631
GR,0719
GR,0719
GR,1216
GR,0963
GR,0875
GR,0963
GR,0875
GR,0963
GR,0875
GR,0267
GR,0781
GR,0476
E,0123
QT,0122
GR,1198
GR,1203
GR,1203
GR,1204
GR,1205
GR,1204
GR,0949
GR,0949
GR,0950
G,0001
GR,0949
GR,0950
G,0001
GR,0950
G,0001
G,0001
GR,0975
GR,0665
GR,0973
GR,0972
GR,0974
GR,0971
GR,0006
GR,0974
GR,0971
GR,0006
GR,0974
GR,0647
GR,0971
U,0978
GR,0006
GR,0973
GR,0647
GR,0974
GR,0971
GR,0975
GR,0976
U,0977
GR,0588
U,0933
GR,0981
GR,1108
GR,0983
GR,1143
U,1187
GR,0003
GR,0986
U,0979
U,0057
GR,0980
GR,0003
GR,0463
GR,0177
GR,0562
U,0958
GR,0687
U,0958
Q,0002
GR,0961
U,0959
Q,0002
GR,0691
Q,0960
Q,0002
GR,0962
GR,0162
GR,1025
Q,0002
G,0001
GR,1023
G,0001
Q,0002
GR,1025
Q,0002
SF-JC,0898
AD,0164
G,0001
GR,1025
Q,0002
G,0001
SF-JC,0898
GR,1025
GR,0163
Q,0002
A,0835
GR,0066
GR,0016
GR,0066
A,0835
GR,0066
GR,0837
GR,0836
GR,0846
GR,0515
GR,0649
GR,1072
GR,0312
SF-JC,1014
GR,0675
JR,0999
GR,1209
GR,0408
GR,1049
GR,0406
GR,0566
JR,0506
GR,0564
GR,0192
GR,0001
GR,0192
GR,0001
GR,0690
GR,0997
G,0001
GR,0266
I,0465
I,0490
GR,0323
E,0001
GR,0006
E,0001
GR,0545
P,0736
E,0001
GR,0323
E,0001
GR,0006
GR,0545
P,0736
E,0001
GR,0323
GR,0006
GR,0545
E,0001
E,0001
E,0736
E,0001
E,0009
E,0004
GR,0523
GR,0545
E,0001
E,0272
AB,0941
JR,0105
G,0001
GR,0047
Q,0001
GR,0047
U,0745
G,0001
B,1050
YL,0246
XX,0660
XX,0868
XX,0869
GR,0567
G,0001
G,0004
U,0019
GR,0035
G,0005
G,0380
GR,0003
G,0544
G,0051
G,0544
G,0257
GR,0783
GR,0771
GR,0784
GR,0817
G,0297
GR,0623
GR,0071
GR,0783
GR,0784
GR,0011
GR,0771
G,0297
GR,0783
G,0903
GR,0784
GR,0771
G,0297
GR,0623
GR,0783
GR,0771
GR,0784
GR,0786
G,0297
GR,0944
GR,0238
E,0387
GR,0023
QT,1105
GR,0023
G,0001
GR,0023
H,1105
GR,0023
G,0001
GR,0023
GR,1118
GR,0023
H,1105
GR,1118
GR,0023
H,1105
GR,1118
GR,0023
GR,0188
GR,0023
GR,0188
GR,0023
GR,0188
GR,0023
GR,0188
GR,0023
G,0001
GR,0023
GR,0852
GR,0023
GR,1118
GR,0023
GR,1118
GR,0023
H,1105
G,0001
GR,0023
G,0001
GR,0023
G,0001
GR,0023
G,0001
GR,0023
G,0001
G,0001
GR,0023
GR,0023
AB,1174
GR,0023
G,0001
QT,0883
GR,0023
GR,0852
GR,0023
H,0107
AB,1174
AB,0349
GR,0023
H,0024
GR,0023
W,1105
GR,0023
W,1105
GR,0023
W,1105
GR,0023
W,1105
GR,0023
W,1105
GR,0023
G,0001
GR,0023
GR,0023
G,0001
GR,0023
H,1105
GR,0023
G,0001
QT,1105
GR,0023
H,1105
GR,0023
H,0850
GR,0023
H,0345
GR,0023
H,1105
GR,0023
G,0001
GR,0023
W,1105
GR,0023
H,0345
GR,0023
QT,0233
H,0848
H,1105
GR,0023
QT,0233
H,0848
GR,0023
QT,0233
G,0919
GR,0023
H,0849
GR,0023
G,0001
GR,0023
QT,1105
GR,0023
QT,1105
GR,0023
QT,1105
GR,0023
G,0001
GR,0023
W,1105
GR,0023
G,0001
QT,1105
GR,0023
G,0001
GR,0023
G,0001
GR,0023
GR,0023
G,0001
H,0916
W,0883
G,0001
GR,0023
GR,0023
G,0001
GR,0023
W,1105
GR,0023
W,1105
GR,0023
W,1105
GR,0023
W,1105
GR,0023
W,1105
GR,0023
W,1105
GR,0023
W,1105
GR,0023
G,0001
W,0025
GR,0023
H,0024
GR,0023
G,0001
GR,0023
GR,0563
GR,0431
GR,0457
GR,0431
GR,0457
GR,0481
GR,1092
GR,0328
V,1176
V,1145
GR,0160
GR,0279
GR,1146
GR,0763
GR,0174
GR,0173
GR,0537
GR,0899
GR,0382
GR,0383
GR,0575
T,0001
G,0005
T,0001
GR,0339
GR,0551
GR,0204
QT,1075
GR,0458
GR,0458
GR,0744
GR,0471
GR,0471
GR,1170
GR,0778
GR,0779
GR,0460
GR,0459
GR,0847
GR,1171
G,0001
GR,0001
GR,1171
G,0001
GR,0001
GR,0114
G,0028
GR,0420
GR,0865
G,0055
GR,0889
QT,0112
Q,0002
GR,0015
GR,0296
Q,0002
GR,0294
GR,0295
GR,0015
QS,0394
GR,1199
GR,0015
GR,0293
Q,0002
Q,1196
GR,0015
GR,0290
Q,0002
GR,1197
P,0414
GR,0292
GR,0291
Q,0002
GR,1197
GR,1077
GR,0888
GR,0001
GR,1057
G,0008
GR,1060
G,0008
GR,1060
G,0008
GR,1060
G,0001
G,0008
G,0001
G,0008
GR,1060
G,0001
G,0001
G,0008
G,0001
GR,0871
J,0845
I,1114
GR,0871
J,0845
I,1114
G,0001
G,0001
K,0396
G,0001
G,0001
G,0001
GR,0001
G,0001
GR,0013
G,0001
G,0001
G,0001
G,0001
YL,0013
G,0001
G,0001
G,0008
G,0001
QT,0398
QT,0397
G,0001
GR,0727
G,0001
GR,0013
G,0001
G,0001
G,0001
YL,0013
G,0001
G,0008
G,0001
GR,0003
G,0001
G,0001
GR,0003
G,0001
YL,0013
SF-JC,0397
B,0576
G,0001
SF-GZ,0006
G,0041
G,0020
G,0001
G,0005
GR,0853
GR,1100
G,0494
GR,0386
G,0124
GR,0719
G,0652
GR,1073
G,0418
GR,0040
G,0626
G,0381
GR,0010
GR,0709
Q,0002
GR,0578
S,0751
E,1051
S,0815
GR,0301
P,0816
GR,0550
GR,0580
GR,0559
HX-LS,0707
GR,0702
GR,0487
S,0577
S,0895
HX-LS,0777
GR,0639
S,0303
S,0814
S,0304
GR,0104
G,0001
GR,0047
GR,0222
GR,0224
GR,0222
GR,0047
GR,0224
GR,0002
GR,0047
GR,0222
GR,0224
GR,0002
H,0025
GR,0690
G,0001
GR,0690
G,0001
G,0001
GR,0225
GR,0690
G,0001
G,0001
GR,0225
GR,0222
GR,0690
G,0001
G,0001
GR,0225
GR,0222
Q,0002
GR,0690
G,0001
G,0001
GR,0940
GR,0940
GR,0940
GR,0530
G,0001
GR,0270
G,0001
GR,0222
GR,0181
GR,0225
Q,0002
GR,0235
H,0456
H,0081
W,0453
GR,0966
Q,0002
GR,0200
GR,0199
W,0661
GR,1012
Q,0002
H,1105
F,1113
GR,0530
G,0001
GR,0793
F,0438
GR,0530
G,0001
GR,0793
F,0438
GR,0208
GR,0353
GR,0347
GR,0348
GR,0530
G,0001
GR,0530
G,0001
GR,0690
H,0053
G,0001
GR,0113
GR,0510
GR,0662
GR,0661
GR,0737
GR,0441
QT,0234
Q,0002
QT,0234
Q,0002
GR,0750
G,0001
GR,0750
G,0001
GR,1099
GR,0750
GR,1099
U,0014
GR,0750
G,0001
GR,1099
GR,0750
G,0001
G,0001
GR,1099
GR,0176
G,0001
G,0001
GR,1099
G,0001
GR,1099
GR,0175
G,0001
G,0001
G,0001
GR,1099
G,0001
G,0001
S,0794
G,0001
GR,1099
GR,0750
G,0001
GR,1099
GR,0032
B,0308
GR,1082
GR,0750
G,0001
GR,1099
GR,1082
GR,0032
GR,0750
G,0001
GR,1099
GR,0032
GR,0750
G,0001
GR,1099
GR,0032
GR,0750
G,0001
GR,1099
GR,0478
GR,0750
G,0001
GR,1099
G,0001
GR,0750
G,0001
GR,1099
B,1207
GR,1124
G,0001
M,0009
GR,0032
GR,0787
GR,1124
G,0001
M,0009
GR,0032
H,1105
GR,0415
GR,0149
GR,0282
G,0001
GR,1224
G,0001
GR,1223
G,0001
GR,0794
G,0001
GR,0897
GR,1122
G,0001
GR,1119
G,0001
GR,1099
GR,1121
G,0001
GR,1120
GR,1125
GR,1121
G,0001
GR,1128
G,0001
GR,1201
G,0001
G,0001
GR,1126
GR,1096
GR,0750
G,0001
GR,0750
G,0001
W,1127
GR,1099
GR,1099
G,0001
GR,0750
G,0001
GR,0750
G,0001
GR,1099
GR,0750
GR,1099
G,0001
M,0039
GR,0750
G,0001
GR,1099
GR,0275
G,0001
GR,0275
G,0001
GR,0275
G,0001
GR,0275
G,0001
GR,0275
G,0001
GR,0730
G,0001
GR,0747
G,0004
M,0009
GR,0237
W,1043
W,1044
W,0032
Q,0002
GR,0001
GR,0001
GR,0001
GR,0001
GR,0001
GR,0001
GR,0001
GR,0001
GR,0768
GR,0767
GR,0001
GR,0768
GR,0733
GR,0600
GR,0735
QT,0205
GR,0733
GR,0600
GR,0746
QT,0205
GR,0733
GR,0600
GR,0746
QT,0205
GR,0932
GR,0342
Q,0002
GR,0789
GR,0924
T,0001
GR,0928
G,0001
GR,0929
G,0866
GR,0044
GR,0923
G,0001
G,0137
G,0243
G,0020
GR,0926
S,0227
M,0527
GR,0926
M,0526
GR,0924
P,0642
G,0001
GR,0927
G,0001
GR,0930
G,0488
GR,0929
GR,0044
B,0576
G,0001
GR,1181
G,0893
GR,0925
G,0893
G,0021
GR,1184
B,0209
GR,1182
G,0001
GR,1183
GR,0401
GR,0401
GR,0483
Q,0002
GR,0874
GR,0385
GR,0401
GR,0437
GR,0632
GR,1011
G,0028
GR,0185
GR,1010
G,0028
GR,0184
GR,0184
GR,0753
GR,0754
GR,0956
GR,0755
GR,1020
AB,1022
GR,0101
GR,0102
W,0329
XF,0921
GR,0844
GR,0879
GR,0844
GR,1142
GR,0914
GR,0627
GR,0776
Q,1004
GR,0172
GR,0995
G,0001
GR,0152
GR,0153
GR,0171
GR,0150
K,0337
QT,0215
GR,0388
GR,0410
GR,0370
G,0001
GR,0089
GR,1160
Q,0825
Q,0831
Q,0825
Q,0831
Q,0825
Q,0831
Q,0825
Q,0831
Q,0825
Q,0831
GR,0075
GR,0076
GR,0012
G,0001
GR,0012
G,0001
GR,0012
GR,0012
G,0001
GR,0316
G,0001
GR,0313
GR,0315
G,0001
GR,0314
GR,1101
GR,1112
E,1148
E,1148
E,1148
E,1148
E,1148
GR,1058
QS,0139
GR,0254
G,0001
GR,0739
GR,0685
GR,1102
GR,0685
G,0001
G,0041
G,0001
GR,0464
G,0001
G,0001
G,0004
G,0001
E,0503
GR,0604
G,0001
GR,0468
GR,0469
GR,1046
GR,1045
GR,0038
H,0090
GR,0468
GR,0469
GR,1047
GR,0466
GR,0469
GR,0685
GR,0470
GR,0738
GR,0957
GR,0038
GR,0788
H,0467
U,0014
GR,0719
G,0001
G,0004
G,0004
GR,0371
GR,1180
GR,0001
GR,0005
GR,0212
GR,0716
G,0004
K,0008
G,0001
G,0001
G,0001
G,0036
G,0001
G,0008
G,0001
G,0021
G,0036
G,0001
G,0036
G,0001
G,0036
G,0036
SF-JC,0395
G,0001
G,0021
G,0001
G,0001
G,0001
G,0001
G,0004
G,0004
BD,1208
G,0004
GR,0372
GR,0372
G,0004
GR,0372
G,0004
G,0004
GR,0372
G,0004
GR,0372
GR,0372
N,0568
G,0033
M,0009
G,1140
M,0009
G,0073
M,0896
S,0226
GR,0643
G,0001
G,0601
U,0019
G,0601
GR,0761
G,0004
G,0005
M,0009
G,0004
GR,0785
GR,0169
GR,0673
G,0034
G,0004
G,0033
G,1169
G,0004
G,0001
GR,0495
G,0004
G,0004
GR,1016
GR,0425
U,0019
GR,0207
GR,0498
U,0019
GR,0207
GR,0498
G,0001
GR,0400
G,0008
G,0001
G,0021
G,0001
G,0001
G,0001
G,0001
GR,0003
G,0021
G,0001
G,0001
QT,0397
GR,0547
HX,1055
GR,0001
G,0001
G,0008
GR,0017
G,0033
G,0004
M,0009
G,0585
G,0004
GR,0651
G,0004
M,0039
G,0584
G,1106
M,0009
G,1107
G,0073
GR,0034
H,0025
GR,0034
G,0004
GR,0052
G,0034
G,0004
G,0409
H,0025
G,0052
G,0034
G,0004
G,0409
Q,0182
G,0052
G,0034
I,0548
GR,0034
G,0004
GR,0052
G,0004
M,0009
U,0019
G,0004
M,0009
U,0019
M,0009
G,0004
U,0019
G,0001
G,0001
GR,0003
G,0001
G,0008
G,0001
G,0001
G,0004
G,0001
I,0548
G,0001
G,0001
I,0017
G,0001
I,0017
GR,1179
G,0001
GR,0486
M,0039
GR,1103
GR,1179
G,0905
GR,0019
GR,0003
GR,0095
GR,0610
Q,0288
GR,0006
GR,0264
G,0001
GR,0611
G,0004
G,0001
GR,0034
G,0004
GR,0052
GR,0034
G,0004
GR,0034
G,0004
GR,0034
G,0004
GR,0034
G,0004
GR,0052
GR,0409
G,0180
GR,0052
GR,0034
G,0004
GR,0409
G,0180
GR,0052
GR,0034
G,0004
GR,0034
G,0004
M,0009
G,0004
G,0001
S,0644
G,0004
GR,0034
G,0004
GR,0052
GR,0034
G,0004
GR,0052
GR,0034
G,0004
G,0004
GR,1178
GR,0005
G,0004
GR,0650
G,0004
U,0019
B,0576
G,0004
U,0019
B,0576
G,0033
GR,0003
I,0490
G,0004
GR,1178
GR,0005
G,0004
GR,0650
G,0004
U,0019
B,0576
G,0033
GR,0003
I,0490
G,0004
G,0033
GR,0003
I,0490
G,0004
M,0255
P,0743
G,0004
GR,0651
G,0004
G,0004
U,0019
GR,0251
G,0004
U,0019
G,0004
M,0039
U,0019
G,0004
BD,0502
GR,0743
G,1038
G,0004
M,0009
GR,0650
G,0004
G,0001
QT,0641
S,0807
S,0808
G,0001
GR,0001
G,0001
G,0001
K,0021
G,0001
K,0008
G,0001
K,0008
G,0001
K,0008
G,0001
K,0906
G,0001
K,0931
G,0001
G,0001
K,0021
GR,0993
U,0014
G,0001
U,0014
GR,0992
G,0004
GR,0299
GR,0299
GR,1158
GR,1159
GR,0454
H,0335
GR,1158
GR,1159
GR,0454
GR,0132
S,0655
G,0001
GR,0225
Q,0002
G,0001
T,0063
T,0063
P,1213
GR,1200
GR,0472
GR,0324
I,0017
GR,1065
I,0017
I,0056
QT,0634
P,1152
GR,1065
I,0017
I,0056
QT,0634
P,1152
I,0017
QT,0393
G,0001
YL,0014
G,0001
GR,0186
G,0004
G,0001
GR,0001
G,0001
GR,0003
G,0001
GR,0146
YL,0014
G,0004
GR,0146
GR,0247
GR,0178
G,0001
G,0004
G,0001
GR,0496
G,0001
G,0001
G,0001
GR,0669
I,0017
I,0017
GR,0741
G,0001
G,0004
GR,0612
G,0001
GR,0821
G,0004
G,0001
S,0935
G,0001
S,0936
G,0001
G,0004
G,0672
GR,0614
G,0001
GR,0686
I,0017
GR,0414
P,1157
GR,1221
GR,0273
GR,0780
G,0001
G,0020
G,0051
GR,0055
T,0491
G,0001
G,0020
G,0051
GR,0055
T,0491
GR,0497
G,0004
GR,0497
G,0001
GR,0004
GR,0147
G,0004
QS-BX,1164
G,0001
GR,0006
G,0001
G,0001
G,0001
G,0001
GR,0671
G,0001
GR,0671
G,0004
GR,0497
G,0001
GR,0671
G,0001
GR,0645
GR,1069
GR,0404
GR,0403
GR,0741
G,0004
GR,0968
G,0001
GR,1001
G,0001
G,0001
G,0001
GR,0286
GR,0287
GR,0287
GR,0285
GR,0284
G,0001
GR,0546
GR,1202
GR,0031
GR,1206
GR,0031
GR,0626
GR,1195
GR,1001
GR,0824
G,0001
GR,1001
G,0001
G,0001
GR,1001
G,0001
GR,0824
G,0001
P,1163
G,0001
GR,0031
GR,0326
GR,0327
G,0014
S,0937
G,0001
S,0937
G,0001
YL,0014
G,0001
GR,0615
P,0672
G,0001
G,0001
G,0001
G,0001
GR,0031
G,0001
G,0004
G,0001
G,0004
G,0001
G,0004
G,0011
G,0001
G,0004
G,0001
G,0004
G,0011
G,0022
GR,0088
GR,0740
G,0001
G,0004
M,0039
GR,0740
G,0001
G,0004
M,0039
GR,0155
B,0803
GR,0097
B,0804
G,0001
G,0004
G,0011
G,0022
G,0011
G,0022
G,0001
G,0011
G,0022
G,0004
G,0001
GR,0413
G,0001
G,0001
M,0009
G,0001
G,0001
G,0001
P,1098
P,1098
G,0001
GR,0006
G,0001
GR,0006
G,0033
G,0001
GR,0680
G,0001
G,0001
GR,0006
G,0001
QT,0099
QT,0098
GR,1036
QT,0100
GR,0561
GR,0965
GR,1079
GR,1154
GR,0688
GR,1153
GR,1155
GR,0031
G,0001
GR,0186
G,0001
GR,0058
GR,0106
GR,0197
W,0434
W,0451
H,1173
GR,0197
Q,0613
G,0001
Q,0027
GR,0225
GR,0197
Q,0613
G,0001
Q,0027
GR,0225
GR,0197
GR,0027
GR,0452
GR,0225
Q,0613
GR,0129
GR,0197
Q,0613
GR,0027
G,0001
G,0001
W,0451
W,0434
GR,0197
H,0053
GR,0449
GR,0447
GR,0157
GR,0202
GR,0994
GR,0683
GR,0222
Q,0002
GR,0201
GR,0141
GR,1188
G,0001
H,0851
Q,1006
GR,0216
GR,0602
GR,0430
GR,0917
GR,0940
GR,1192
Q,0613
GR,0222
GR,0225
G,0001
H,1191
GR,1190
H,0025
GR,1215
Q,0613
GR,0222
GR,0225
G,0001
H,1191
GR,0144
GR,0606
GR,0474
GR,0145
GR,1054
GR,0721
GR,0479
G,0001
W,1105
GR,0480
G,0001
W,1105
G,0001
H,1105
GR,0462
GR,0480
G,0001
W,1105
G,0001
GR,0728
G,0004
GR,0749
M,0009
P,0529
W,1084
Q,0607
Q,0609
H,0125
GR,0032
G,0001
G,0004
M,0009
P,0529
SF-GZ,0001
W,1084
GR,0748
GR,0179
GR,0182
GR,0748
GR,0001
GR,0792
GR,0728
G,0001
GR,1086
GR,0032
GR,1081
GR,0792
GR,1080
W,0782
GR,1085
GR,0179
GR,0253
GR,0151
QT,0596
S,0838
GR,0419
M,0039
G,0001
G,0001
G,0001
G,0001
GR,0719
G,0001
H,0125
P,0529
GR,1083
M,0009
GR,0237
QS,1039
Q,0002
H,0125
P,0529
GR,1083
M,0009
Q,0609
GR,0728
S,0569
GR,1080
G,0001
GR,1081
Q,0002
G,0004
GR,0027
S,0630
GR,0236
W,0110
GR,0032
GR,0308
GR,1081
GR,0032
W,0110
GR,0308
GR,0728
G,0001
GR,1080
Q,0002
GR,1081
G,0004
GR,0027
S,0630
GR,0236
GR,0728
G,0001
GR,1080
G,0001
GR,1081
Q,0002
G,0004
GR,0308
H,0232
GR,1083
GR,0728
M,0528
GR,1080
Q,0617
GR,1081
GR,0224
GR,0032
G,0001
SF-GZ,0252
G,0004
U,0809
M,0009
W,0110
GR,0032
GR,0773
GR,0742
P,0262
G,0001
G,0004
GR,0523
B,0272
W,0729
G,0001
G,0041
G,0317
M,0009
W,0729
G,0001
G,0041
U,0317
M,0009
GR,0732
G,0001
GR,0731
G,0004
M,0009
SF-GZ,0001
GR,0032
GR,0237
H,0108
GR,1129
G,0001
G,0001
GR,1126
G,0001
G,0001
G,0001
G,0001
G,0001
GR,0275
G,0001
G,0001
G,0001
GR,0001
GR,0001
G,0001
G,0001
G,0001
G,0001
G,0001
G,0001
G,0001
GR,1099
G,0001
GR,1099
G,0001
GR,1099
G,0001
G,0001
GR,1127
GR,0719
GR,0300
GR,0597
QT,0346
GR,0064
G,0001
QT,1222
G,0001
GR,0508
GR,0509
GR,0446
GR,0213
GR,0482
GR,0214
GR,0078
GR,0271
GR,0111
GR,0030
GR,1165
GR,0244
G,0001
GR,0030
GR,0484
GR,0366
GR,0245
GR,0248
G,0001
GR,0668
GR,1115
GR,0365
Q,0002
G,0001
SF-JC,0826
Q,0827
F,0674
B,0913
SF-JC,0826
Q,0827
F,0674
B,0913
GR,0766
SF-JC,0826
Q,0827
F,0674
B,0913
GR,0128
SF-JC,0826
Q,0827
F,0674
SF-JC,0826
Q,0827
F,0674
B,0913
GR,0336
SF-JC,0826
Q,0827
F,0674
B,0913
SF-JC,0826
SF-JC,0826
Q,0827
F,0674
B,0913
GR,0070
GR,0007
GR,0046
GR,1150
GR,0856
GR,0007
GR,0046
GR,1150
GR,0007
GR,0007
GR,1015
GR,0007
GR,0007
GR,1136
GR,0007
GR,1087
GR,0007
GR,1015
GR,0954
GR,1015
GR,0343
GR,0007
GR,0007
GR,1089
GR,0384
GR,0007
GR,0658
GR,1149
GR,0142
GR,0007
GR,0870
GR,0007
GR,1116
GR,1015
GR,0007
GR,0007
GR,1147
GR,0007
GR,1090
GR,0007
GR,0772
GR,0007
GR,0048
GR,0048
GR,0048
GR,0048
GR,0048
GR,0048
GR,0048
GR,0392
GR,0103
GR,0390
GR,0103
GR,0048
GR,0048
GR,0048
GR,0048
GR,0389
GR,0103
GR,0048
GR,1185
GR,0048
GR,0048
GR,0048
GR,0048
GR,0048
GR,0048
GR,0048
GR,0048
GR,0048
GR,0048
GR,0048
GR,0048
GR,0048
GR,0391
GR,0103
GR,0710
GR,1088
GR,1091
GR,0715
GR,0519
GR,0599
GR,0713
GR,0943
GR,0711
GR,0531
GR,0532
GR,0712
GR,0714
GR,0520
GR,0598
GR,0760
GR,1151
GR,1066
GR,0720
GR,0795
GR,0684
O,0344
GR,0367
GR,0368
O,0620
GR,0618
GR,0619
O,0621
GR,0622
GR,0618
Q,0001
GR,0891
D,0191
D,0191
G,0001
D,0191
D,0190
G,0001
GR,0006
G,0001
GR,0006
G,0001
D,0189
GR,0006
Q,0002
G,0001
GR,0703
GR,0006
H,0130
GR,1218
GR,0006
G,0001
GR,0006
G,0001
S,1189
GR,0006
G,0001
G,0001
W,1193
G,0001
GR,0006
G,0001
GR,0006
G,0001
GR,0006
G,0001
GR,0006
G,0001
GR,0006
G,0001
HX-CL,0121
GR,0120
GR,0120
GR,0120
G,0001
U,0521
G,0001
G,0001
QT,0854
G,0001
QT,0938
G,0001
P,0939
G,0001
G,0001
GR,0058
P,0659
G,0969
P,0659
G,0969
G,0969
P,0659
P,0659
G,0969
P,0659
P,0659
G,0004
U,0405
G,0001
U,0405
U,0405
GR,0631
GR,0118
G,0001
U,0131
U,0131
U,0970
GR,0969
U,0131
U,0521
G,0969
YL,0096
G,0001
B,0987
G,0001
B,0987
U,1097
G,0001
U,0759
G,0001
B,0987
GR,0969
U,0759
G,0001
B,0987
U,0759
G,0001
B,0987
G,0001
GR,0269
G,0001
GR,1210
E,1220
GR,0565
G,0001
GR,0407
QT,0967
G,0001
H,0231
G,0001
G,0001
G,0001
GR,0855
GR,0001
GR,0001
G,0001
0723,I.
0724,I.
0948,I.
0945,I.
0867,I.
0581,I.
0708,I.
0947,I.
0765,I.
0001,I.
0217,I.
0056,I.
0047,I.
0946,I.
0002,I.
0693,J.
0695,J.
0694,J.
0890,J.
0693,J.
0692,J.
0699,J.
0306,J.
0305,J.
0306,J.
0663,J.
0321,J.
0696,J.
0305,J.
0306,J.
0198,J.
1056,J.
0198,J.
0696,J.
0305,J.
0306,J.
0699,J.
0306,J.
0695,J.
0692,J.
0677,N.
0676,N.
0001,G.
0082,G.
0001,G.
0705,G.
0016,G.
0522,G.
0504,G.
0069,G.
0725,G.
0689,G.
0722,G.
0001,G.
0183,G.
0701,G.
0001,G.
0183,G.
0698,G.
0001,G.
0183,G.
0717,G.
0001,G.
0183,G.
0501,G.
0001,G.
0008,G.
0500,G.
0332,G.
1061,G.
0193,G.
0001,G.
0001,G.
0008,G.
0001,G.
0008,G.
0001,G.
0008,G.
0001,G.
0001,G.
0001,G.
0013,G.
0013,G.
0013,G.
0001,G.
0001,G.
0001,G.
0001,G.
0001,G.
0008,G.
0054,G.
0005,G.
0010,G.
0054,G.
0010,G.
0054,G.
0005,G.
0488,G.
0003,G.
0010,G.
0054,G.
0005,G.
0489,G.
0003,G.
0054,G.
0005,G.
0488,G.
0054,G.
0005,G.
0488,G.
0003,G.
0860,G.
0054,G.
0861,G.
0035,G.
0054,G.
0005,G.
0488,G.
0003,G.
0054,G.
0010,G.
0054,G.
0005,G.
0488,G.
0003,G.
0054,G.
0488,G.
0003,G.
0054,G.
0005,G.
0003,G.
0488,G.
0054,G.
0488,G.
0086,G.
0003,G.
0010,G.
0083,G.
0054,G.
0488,G.
0054,G.
0010,G.
0054,G.
0003,G.
0010,G.
0054,G.
0005,G.
0488,G.
0054,G.
0005,G.
0488,G.
0543,G.
0399,G.
1104,G.
0019,G.
0003,G.
0001,G.
0203,G.
1104,G.
0001,G.
0003,G.
0423,G.
0001,G.
0505,G.
1104,G.
0041,G.
0505,G.
0210,G.
1104,G.
0330,G.
0422,G.
0001,G.
1104,G.
0210,G.
0505,G.
0263,G.
0423,G.
0011,G.
0718,G.
0005,G.
0330,G.
0001,G.
0706,G.
1104,G.
0002,G.
0136,G.
0811,G.
1104,G.
0263,G.
0256,G.
0001,G.
0001,G.
0904,G.
0001,G.
0004,G.
1104,G.
0001,G.
0001,G.
0423,G.
0330,G.
0505,G.
1104,G.
0263,G.
0001,G.
0423,G.
0876,G.
0330,G.
0256,G.
0004,G.
0062,G.
0492,G.
1104,G.
0263,G.
0087,G.
0210,G.
0005,G.
1104,G.
0001,G.
0423,G.
0901,G.
0424,G.
0003,G.
1104,G.
0170,G.
0210,G.
0005,G.
0876,G.
0654,G.
1104,G.
0872,G.
0424,G.
0001,G.
0001,G.
0085,G.
0263,G.
0001,G.
1104,G.
0626,G.
0041,G.
0004,G.
0001,G.
0256,G.
1104,G.
0004,G.
0001,G.
1104,G.
0626,G.
0041,G.
0004,G.
0001,G.
0876,G.
0424,G.
1104,G.
0001,G.
0072,G.
0041,G.
0001,G.
0423,G.
0003,G.
0005,G.
0862,G.
0001,G.
0005,G.
0862,G.
0005,G.
0001,G.
0864,G.
0040,G.
0013,G.
0003,G.
0819,G.
0051,G.
0796,G.
0003,G.
0054,G.
0005,G.
0005,G.
0054,G.
0001,G.
0806,G.
0084,G.
0019,G.
0005,G.
0062,G.
0054,G.
0005,G.
0010,G.
0877,G.
0840,G.
0548,G.
0624,G.
0054,G.
0488,G.
0161,G.
0003,G.
0010,G.
0054,G.
0488,G.
0161,G.
0003,G.
0010,G.
0998,G.
0054,G.
0005,G.
0488,G.
0010,G.
0054,G.
0005,G.
0488,G.
0010,G.
0877,G.
0863,G.
0859,G.
0054,G.
0488,G.
0013,G.
0877,G.
0001,G.
0806,G.
0084,G.
1130,G.
0605,G.
0001,G.
0398,G.
0402,G.
0135,G.
0653,G.
0001,G.
0079,G.
0054,G.
0625,G.
0054,G.
0442,Y.
1007,Y.
0552,S.
0001,S.
0586,S.
0560,S.
0558,S.
0554,S.
0700,S.
0587,S.
0001,S.
1161,S.
0667,S.
0223,S.
0557,S.
0667,S.
0878,S.
0555,S.
0556,S.
0858,S.
0857,S.
0091,S.
0907,S.
0091,S.
0907,S.
0091,S.
0907,S.
0091,S.
0907,S.
0908,S.
0908,S.
0908,S.
0140,S.
0583,S.
0140,S.
0583,S.
0140,S.
0583,S.
0582,S.
0582,S.
0582,S.
1144,S.
1144,S.
1144,S.
0268,S.
0003,S.
0187,S.
0268,S.
0003,S.
0187,S.
0358,S.
0553,S.
0362,S.
0322,S.
0318,S.
0359,S.
0319,S.
0360,S.
0934,S.
0628,S.
0363,S.
0361,S.
0077,S.
0364,S.
0533,S.
0001,S.
0017,S.
0764,P.
0411,P.
0412,P.
0356,H.
1162,H.
0355,H.
0352,H.
0355,H.
0350,H.
0357,H.
0351,H.
0354,H.
0355,H.
1008,H.
0357,H.
0351,H.
0439,H.
0884,H.
0885,H.
0579,H.
0426,H.
0843,H.
0842,H.
0882,H.
0756,H.
0117,H.
0640,AC.
0335,AC.
0640,AC.
0530,H.
0001,H.
0530,H.
0001,H.
0793,H.
0530,H.
0001,H.
0793,H.
0530,H.
0793,H.
0439,H.
0001,H.
0530,H.
0793,H.
0530,H.
0001,H.
0530,H.
0001,H.
0793,H.
0530,H.
0793,H.
0439,H.
1186,H.
1186,H.
0053,H.
0433,H.
1186,H.
1186,H.
0053,H.
0450,H.
1186,H.
0053,H.
0455,H.
0053,H.
1186,H.
1053,H.
1186,H.
0053,H.
1186,H.
0053,H.
1053,H.
0435,H.
0661,H.
0435,H.
0221,H.
0661,H.
0435,H.
0797,H.
0661,H.
1186,H.
0432,H.
0265,H.
0435,H.
0221,H.
0661,H.
0435,H.
0797,H.
0435,H.
0996,H.
0435,H.
0661,H.
1186,H.
0053,H.
0433,H.
1186,H.
0333,AE.
0333,AE.
0440,AE.
0429,AE.
0429,AE.
0441,AE.
0822,W.
0922,W.
0074,W.
1138,W.
1067,W.
1133,W.
0074,W.
1134,W.
1139,W.
1137,W.
0524,W.
0074,W.
1132,W.
1139,W.
0074,W.
1131,W.
1037,W.
0309,H.
0002,H.
0311,H.
0310,H.
0511,C.
0002,C.
0512,C.
1076,C.
0511,C.
0002,C.
0512,C.
1076,C.
0511,C.
0511,C.
0002,C.
0512,C.
1076,C.
0910,C.
0823,W.
0820,K.
0839,K.
0001,K.
0298,K.
0012,W.
0219,W.
0218,W.
1095,W.
0001,W.
0220,W.
1135,W.
0012,W.
1177,W.
0012,W.
0274,W.
0258,K.
0258,K.
0143,K.
0134,K.
0001,K.
0134,K.
0143,K.
0001,K.
0664,K.
0549,K.
0249,K.
0250,K.
0261,K.
0325,K.
0873,K.
0068,K.
0259,K.
0261,K.
0259,K.
0260,K.
0325,K.
0001,K.
0001,K.
0001,K.
0008,K.
0003,K.
0037,K.
0195,K.
1040,K.
0003,K.
0001,K.
0008,K.
0168,K.
0003,K.
0001,K.
0008,K.
0499,K.
0194,K.
0003,K.
0001,K.
0037,K.
0196,K.
0195,K.
1040,K.
0001,K.
0008,K.
0003,K.
0194,K.
0003,K.
0417,K.
0194,K.
0003,K.
0008,K.
0194,K.
0003,K.
0037,K.
0008,K.
0473,K.
0421,K.
0194,K.
0003,K.
0001,K.
0194,K.
0003,K.
0008,K.
0194,K.
0001,K.
0008,K.
0475,K.
0194,K.
0167,K.
0003,K.
0037,K.
0194,K.
0003,K.
0001,K.
0194,K.
0003,K.
0194,K.
0167,K.
0001,K.
0194,K.
0167,K.
0003,K.
0001,K.
0001,K.
0016,K.
0194,K.
0167,K.
0003,K.
0001,K.
0194,K.
0167,K.
0003,K.
0037,K.
0194,K.
0167,K.
0003,K.
0001,K.
0194,K.
0167,K.
0003,K.
0001,K.
0194,K.
0167,K.
0003,K.
0001,K.
0194,K.
0167,K.
0003,K.
0001,K.
0003,K.
0001,K.
0008,K.
0003,K.
0016,K.
0194,K.
0003,K.
1168,K.
1167,K.
1168,K.
0001,K.
0042,K.
0436,K.
1071,K.
0648,K.
0461,K.
0042,K.
1070,K.
0042,K.
0436,K.
0159,K.
0193,K.
0042,K.
0001,K.
0951,K.
0042,K.
0001,K.
0249,K.
0250,K.
0018,K.
0138,K.
0018,K.
0018,K.
0018,K.
0018,K.
0018,K.
0138,K.
1041,K.
0002,K.
0008,K.
0008,K.
0021,K.
0008,K.
0008,K.
1062,K.
0008,K.
1062,K.
0008,K.
0021,K.
1062,K.
0008,K.
0008,K.
0008,K.
0008,K.
0002,K.
1062,K.
0810,R.
0681,R.
0444,R.
1035,R.
0633,R.
0092,R.
0752,R.
0799,R.
0752,R.
0800,R.
0228,R.
0228,R.
0156,R.
0283,R.
0158,R.
0080,R.
0281,R.
1194,R.
1219,R.
0156,R.
0156,R.
0283,R.
0518,R.
0909,R.
0080,R.
0156,R.
0080,R.
1211,R.
0283,R.
0518,R.
0283,R.
0283,R.
0307,R.
0516,R.
0445,R.
0369,R.
0595,Q.
0094,Q.
0594,Q.
0593,Q.
0427,Q.
0646,Q.
0592,Q.
0094,Q.
1111,Q.
1110,Q.
1109,Q.
1110,Q.
1111,Q.
1109,Q.
0154,Q.
0678,Q.
0338,Q.
0912,Q.
0340,Q.
0912,Q.
0918,Q.
0911,Q.
0790,Q.
0791,Q.
0127,Q.
1166,Q.
0591,Q.
1002,Q.
0590,Q.
1002,Q.
0002,Q.
0758,Q.
0525,Q.
0757,Q.
0094,Q.
0514,Q.
0013,Q.
1059,Q.
1021,H.
0165,H.
0762,H.
1063,H.
0955,H.
0059,H.
1030,H.
1031,H.
0061,H.
0060,H.
1003,H.
0059,H.
0002,H.
1030,H.
0059,H.
0493,H.
1026,H.
0060,H.
0061,H.
0798,H.
0892,H.
0798,H.
0050,H.
0050,H.
0892,H.
1028,H.
0004,H.
0061,H.
1024,H.
0004,H.
1028,H.
0002,H.
1027,H.
0004,H.
0004,H.
1028,H.
1026,H.
1029,H.
0004,H.
1032,H.
0001,H.
0013,H.
1032,H.
0001,H.
0477,H.
0355,H.
1018,H.
1017,H.
1019,H.
1033,H.
0002,H.
1175,H.
0880,H.
1034,H.
1026,H.
0059,H.
0002,H.
0812,H.
0026,Q.
0132,Q.
0026,Q.
0133,Q.
1117,Q.
0277,Q.
0211,Q.
0881,V.
0001,V.
1013,V.
0697,V.
0485,V.
0697,V.
0697,V.
0001,V.
0573,U.
1156,U.
0016,U.
0572,U.
0571,U.
0570,U.
0001,U.
0991,U.
0570,U.
0416,U.
0988,U.
0574,U.
0666,U.
0979,U.
0003,U.
0057,U.
0979,U.
0057,U.
0979,U.
0003,U.
0057,U.
0979,U.
0057,U.
0979,U.
0057,U.
0984,U.
0534,U.
0057,U.
0001,U.
0980,U.
1187,U.
0003,U.
1187,U.
0003,U.
1187,U.
0003,U.
0006,U.
0902,U.
0003,U.
0011,U.
0016,U.
0902,U.
0003,U.
0011,U.
0016,U.
0818,U.
0003,U.
0022,U.
0016,U.
0818,U.
0003,U.
0022,U.
0016,U.
0985,U.
0003,U.
0242,U.
0239,U.
0240,U.
0240,U.
0240,U.
0029,U.
0240,U.
0241,U.
0028,U.
0029,U.
0334,U.
0378,U.
0374,U.
0006,U.
0378,U.
0374,U.
0006,U.
0376,U.
0374,U.
0377,U.
0001,U.
0003,U.
0017,U.
0373,U.
0375,U.
0001,U.
1141,U.
0374,U.
0374,U.
1141,U.
0379,U.
0001,U.
0003,U.
0603,U.
0805,Z.
0006,Z.
1048,Q.
0830,Q.
0828,Q.
0828,Q.
0830,Q.
0828,Q.
0830,Q.
0828,Q.
0828,Q.
0828,Q.
0828,Q.
0829,Q.
0832,Q.
1214,Q.
0834,Q.
0001,Q.
1214,Q.
1214,Q.
0841,Q.
0006,Q.
0001,Q.
0016,Q.
1212,Q.
0049,Q.
0278,Q.
1217,Q.
0049,Q.
0049,Q.
0589,Q.
0001,Q.
0942,Q.
0012,Q.
0012,Q.
0043,Q.
0012,Q.
0002,Q.
0012,Q.
0001,Q.
0043,Q.
0206,Q.
0043,Q.
0276,Q.
0043,Q.
0616,Q.
0043,Q.
0001,Q.
0636,Q.
0012,Q.
0012,Q.
0002,Q.
0012,Q.
0002,Q.
0012,Q.
0012,Q.
0012,Q.
0012,Q.
0012,Q.
0043,Q.
0001,Q.
0302,Q.
0043,Q.
0001,Q.
0636,Q.
0637,Q.
0043,Q.
0001,Q.
0635,Q.
0045,Q.
0629,Q.
0043,Q.
0001,Q.
0045,Q.
0638,Q.
0045,Q.
0638,Q.
0012,Q.
0001,Q.
0045,Q.
0001,Q.
0012,Q.
0001,Q.
0002,Q.
0043,Q.
0001,Q.
0002,Q.
0045,Q.
0638,Q.
0045,Q.
0043,Q.
0001,Q.
0636,Q.
0045,Q.
0012,Q.
0012,Q.
0012,Q.
0012,Q.
0001,Q.
0043,Q.
0001,Q.
0012,Q.
0001,Q.
0002,Q.
0045,Q.
0001,Q.
0043,Q.
0001,Q.
0302,Q.
0043,Q.
0001,Q.
0635,Q.
0331,H.
0963,H.
0001,H.
0116,H.
0001,H.
0704,H.
0963,H.
0704,H.
0963,H.
0964,H.
1078,H.
0507,H.
0963,H.
0001,H.
0535,H.
0536,H.
0115,H.
0894,H.
1068,H.
0774,H.
0448,H.
0915,H.
0542,H.
0775,H.
0900,H.
0774,H.
0774,H.
0448,H.
0769,H.
0443,H.
0657,H.
0428,H.
0657,H.
0657,H.
0126,H.
0657,H.
1042,H.
0657,H.
1042,H.
0657,H.
0657,H.
0657,H.
0126,H.
0989,H.
0990,H.
0540,H.
0539,H.
0002,H.
0093,H.
0952,H.
0002,H.
0538,H.
0320,H.
0002,H.
0540,H.
1005,H.
0166,H.
1005,H.
0540,H.
0540,H.
0002,H.
0656,H.
0719,H.
0631,H.
0719,H.
0631,H.
0719,H.
0719,H.
1216,H.
0963,H.
0875,H.
0963,H.
0875,H.
0963,H.
0875,H.
0267,H.
0781,H.
0476,H.
0123,H.
0122,H.
1198,H.
1203,O.
1203,O.
1204,O.
1205,O.
1204,O.
0949,AF.
0949,AF.
0950,AF.
0001,AF.
0949,AF.
0950,AF.
0001,AF.
0950,AF.
0001,AF.
0001,AF.
0975,U.
0665,U.
0973,U.
0972,U.
0974,U.
0971,U.
0006,U.
0974,U.
0971,U.
0006,U.
0974,U.
0647,U.
0971,U.
0978,U.
0006,U.
0973,U.
0647,U.
0974,U.
0971,U.
0975,U.
0976,U.
0977,U.
0588,U.
0933,U.
0981,U.
1108,U.
0983,U.
1143,U.
1187,U.
0003,U.
0986,U.
0979,U.
0057,U.
0980,U.
0003,U.
0463,Q.
0177,Q.
0562,Q.
0958,Q.
0687,Q.
0958,Q.
0002,Q.
0961,Q.
0959,Q.
0002,Q.
0691,Q.
0960,Q.
0002,Q.
0962,Q.
0162,AD.
1025,H.
0002,H.
0001,H.
1023,H.
0001,H.
0002,H.
1025,H.
0002,H.
0898,H.
0164,H.
0001,H.
1025,H.
0002,H.
0001,H.
0898,H.
1025,H.
0163,H.
0002,H.
0835,AA.
0066,AA.
0016,AA.
0066,AA.
0835,AA.
0066,AA.
0837,AA.
0836,AA.
0846,X.
0515,X.
0649,X.
1072,X.
0312,X.
1014,X.
0675,M.
0999,M.
1209,M.
0408,M.
1049,M.
0406,M.
0566,M.
0506,M.
0564,M.
0192,G.
0001,G.
0192,G.
0001,G.
0690,M.
0997,S.
0001,S.
0266,S.
0465,P.
0490,P.
0323,W.
0001,W.
0006,W.
0001,W.
0545,W.
0736,W.
0001,W.
0323,W.
0001,W.
0006,W.
0545,W.
0736,W.
0001,W.
0323,W.
0006,W.
0545,W.
0001,W.
0001,W.
0736,W.
0001,W.
0009,W.
0004,W.
0523,W.
0545,W.
0001,W.
0272,W.
0941,H.
0105,H.
0001,H.
0047,H.
0001,H.
0047,H.
0745,U.
0001,U.
1050,U.
0246,U.
0660,N.
0868,N.
0869,N.
0567,N.
0001,N.
0004,N.
0019,G.
0035,G.
0005,G.
0380,G.
0003,G.
0544,G.
0051,G.
0544,G.
0257,G.
0783,M.
0771,M.
0784,M.
0817,M.
0297,M.
0623,M.
0071,M.
0783,M.
0784,M.
0011,M.
0771,M.
0297,M.
0783,M.
0903,M.
0784,M.
0771,M.
0297,M.
0623,M.
0783,M.
0771,M.
0784,M.
0786,M.
0297,M.
0944,P.
0238,P.
0387,P.
0023,H.
1105,H.
0023,H.
0001,H.
0023,H.
1105,H.
0023,H.
0001,H.
0023,H.
1118,H.
0023,H.
1105,H.
1118,H.
0023,H.
1105,H.
1118,H.
0023,H.
0188,H.
0023,H.
0188,H.
0023,H.
0188,H.
0023,H.
0188,H.
0023,H.
0001,H.
0023,H.
0852,H.
0023,H.
1118,H.
0023,H.
1118,H.
0023,H.
1105,H.
0001,H.
0023,H.
0001,H.
0023,H.
0001,H.
0023,H.
0001,H.
0023,H.
0001,H.
0001,H.
0023,H.
0023,H.
1174,H.
0023,H.
0001,H.
0883,H.
0023,H.
0852,H.
0023,H.
0107,H.
1174,H.
0349,H.
0023,H.
0024,H.
0023,H.
1105,H.
0023,H.
1105,H.
0023,H.
1105,H.
0023,H.
1105,H.
0023,H.
1105,H.
0023,H.
0001,H.
0023,H.
0023,H.
0001,H.
0023,H.
1105,H.
0023,H.
0001,H.
1105,H.
0023,H.
1105,H.
0023,H.
0850,H.
0023,H.
0345,H.
0023,H.
1105,H.
0023,H.
0001,H.
0023,H.
1105,H.
0023,H.
0345,H.
0023,H.
0233,H.
0848,H.
1105,H.
0023,H.
0233,H.
0848,H.
0023,H.
0233,H.
0919,H.
0023,H.
0849,H.
0023,H.
0001,H.
0023,H.
1105,H.
0023,H.
1105,H.
0023,H.
1105,H.
0023,H.
0001,H.
0023,H.
1105,H.
0023,H.
0001,H.
1105,H.
0023,H.
0001,H.
0023,H.
0001,H.
0023,H.
0023,H.
0001,H.
0916,H.
0883,H.
0001,H.
0023,H.
0023,H.
0001,H.
0023,H.
1105,H.
0023,H.
1105,H.
0023,H.
1105,H.
0023,H.
1105,H.
0023,H.
1105,H.
0023,H.
1105,H.
0023,H.
1105,H.
0023,H.
0001,H.
0025,H.
0023,H.
0024,H.
0023,H.
0001,H.
0023,H.
0563,H.
0431,H.
0457,H.
0431,H.
0457,H.
0481,H.
1092,Q.
0328,Q.
1176,V.
1145,V.
0160,V.
0279,V.
1146,V.
0763,V.
0174,Z.
0173,Z.
0537,H.
0899,H.
0382,T.
0383,T.
0575,T.
0001,T.
0005,T.
0001,T.
0339,L.
0551,S.
0204,S.
1075,S.
0458,H.
0458,H.
0744,AE.
0471,R.
0471,R.
1170,Q.
0778,Q.
0779,Q.
0460,D.
0459,D.
0847,B.
1171,H.
0001,H.
0001,H.
1171,H.
0001,H.
0001,H.
0114,R.
0028,R.
0420,F.
0865,L.
0055,L.
0889,J.
0112,J.
0002,J.
0015,J.
0296,J.
0002,J.
0294,J.
0295,J.
0015,J.
0394,J.
1199,J.
0015,J.
0293,J.
0002,J.
1196,J.
0015,J.
0290,J.
0002,J.
1197,J.
0414,J.
0292,J.
0291,J.
0002,J.
1197,J.
1077,J.
0888,J.
0001,H.
1057,H.
0008,G.
1060,G.
0008,G.
1060,G.
0008,G.
1060,G.
0001,G.
0008,G.
0001,G.
0008,G.
1060,G.
0001,G.
0001,G.
0008,G.
0001,G.
0871,G.
0845,G.
1114,G.
0871,G.
0845,G.
1114,G.
0001,G.
0001,G.
0396,G.
0001,G.
0001,G.
0001,G.
0001,G.
0001,G.
0013,G.
0001,G.
0001,G.
0001,G.
0001,G.
0013,G.
0001,G.
0001,G.
0008,G.
0001,G.
0398,G.
0397,G.
0001,G.
0727,G.
0001,G.
0013,G.
0001,G.
0001,G.
0001,G.
0013,G.
0001,G.
0008,G.
0001,G.
0003,G.
0001,G.
0001,G.
0003,G.
0001,G.
0013,G.
0397,G.
0576,G.
0001,G.
0006,G.
0041,G.
0020,G.
0001,G.
0005,G.
0853,G.
1100,G.
0494,G.
0386,G.
0124,G.
0719,G.
0652,G.
1073,G.
0418,G.
0040,G.
0626,G.
0381,G.
0010,G.
0709,G.
0002,S.
0578,S.
0751,S.
1051,S.
0815,S.
0301,S.
0816,S.
0550,S.
0580,S.
0559,S.
0707,S.
0702,S.
0487,S.
0577,S.
0895,S.
0777,S.
0639,S.
0303,S.
0814,S.
0304,S.
0104,S.
0001,S.
0047,H.
0222,H.
0224,H.
0222,H.
0047,H.
0224,H.
0002,H.
0047,H.
0222,H.
0224,H.
0002,H.
0025,H.
0690,H.
0001,H.
0690,H.
0001,H.
0001,H.
0225,H.
0690,H.
0001,H.
0001,H.
0225,H.
0222,H.
0690,H.
0001,H.
0001,H.
0225,H.
0222,H.
0002,H.
0690,H.
0001,H.
0001,H.
0940,H.
0940,H.
0940,H.
0530,H.
0001,H.
0270,H.
0001,H.
0222,H.
0181,H.
0225,H.
0002,H.
0235,H.
0456,H.
0081,H.
0453,H.
0966,H.
0002,H.
0200,H.
0199,H.
0661,H.
1012,H.
0002,H.
1105,H.
1113,H.
0530,H.
0001,H.
0793,H.
0438,H.
0530,H.
0001,H.
0793,H.
0438,H.
0208,H.
0353,H.
0347,H.
0348,H.
0530,H.
0001,H.
0530,H.
0001,H.
0690,H.
0053,H.
0001,H.
0113,H.
0510,H.
0662,H.
0661,H.
0737,AE.
0441,AE.
0234,W.
0002,W.
0234,W.
0002,W.
0750,W.
0001,W.
0750,W.
0001,W.
1099,W.
0750,W.
1099,W.
0014,W.
0750,W.
0001,W.
1099,W.
0750,W.
0001,W.
0001,W.
1099,W.
0176,W.
0001,W.
0001,W.
1099,W.
0001,W.
1099,W.
0175,W.
0001,W.
0001,W.
0001,W.
1099,W.
0001,W.
0001,W.
0794,W.
0001,W.
1099,W.
0750,W.
0001,W.
1099,W.
0032,W.
0308,W.
1082,W.
0750,W.
0001,W.
1099,W.
1082,W.
0032,W.
0750,W.
0001,W.
1099,W.
0032,W.
0750,W.
0001,W.
1099,W.
0032,W.
0750,W.
0001,W.
1099,W.
0478,W.
0750,W.
0001,W.
1099,W.
0001,W.
0750,W.
0001,W.
1099,W.
1207,W.
1124,W.
0001,W.
0009,W.
0032,W.
0787,W.
1124,W.
0001,W.
0009,W.
0032,W.
1105,W.
0415,R.
0149,R.
0282,R.
0001,W.
1224,W.
0001,W.
1223,W.
0001,W.
0794,W.
0001,W.
0897,W.
1122,W.
0001,W.
1119,W.
0001,W.
1099,W.
1121,W.
0001,W.
1120,W.
1125,W.
1121,W.
0001,W.
1128,W.
0001,W.
1201,W.
0001,W.
0001,W.
1126,W.
1096,W.
0750,W.
0001,W.
0750,W.
0001,W.
1127,W.
1099,W.
1099,W.
0001,W.
0750,W.
0001,W.
0750,W.
0001,W.
1099,W.
0750,W.
1099,W.
0001,W.
0039,W.
0750,W.
0001,W.
1099,W.
0275,W.
0001,W.
0275,W.
0001,W.
0275,W.
0001,W.
0275,W.
0001,W.
0275,W.
0001,W.
0730,W.
0001,W.
0747,W.
0004,W.
0009,W.
0237,W.
1043,W.
1044,W.
0032,W.
0002,W.
0001,W.
0001,W.
0001,W.
0001,W.
0001,W.
0001,W.
0001,W.
0001,W.
0768,W.
0767,W.
0001,W.
0768,W.
0733,W.
0600,W.
0735,W.
0205,W.
0733,W.
0600,W.
0746,W.
0205,W.
0733,W.
0600,W.
0746,W.
0205,W.
0932,W.
0342,K.
0002,K.
0789,K.
0924,K.
0001,K.
0928,K.
0001,K.
0929,K.
0866,K.
0044,K.
0923,K.
0001,K.
0137,K.
0243,K.
0020,K.
0926,K.
0227,K.
0527,K.
0926,K.
0526,K.
0924,K.
0642,K.
0001,K.
0927,K.
0001,K.
0930,K.
0488,K.
0929,K.
0044,K.
0576,K.
0001,K.
1181,K.
0893,K.
0925,K.
0893,K.
0021,K.
1184,K.
0209,K.
1182,K.
0001,K.
1183,K.
0401,K.
0401,K.
0483,K.
0002,K.
0874,K.
0385,K.
0401,K.
0437,R.
0632,R.
1011,R.
0028,R.
0185,R.
1010,R.
0028,R.
0184,R.
0184,R.
0753,R.
0754,R.
0956,R.
0755,R.
1020,H.
1022,H.
0101,V.
0102,V.
0329,V.
0921,V.
0844,Z.
0879,Z.
0844,Z.
1142,Z.
0914,Z.
0627,Z.
0776,Z.
1004,Z.
0172,Z.
0995,Z.
0001,Z.
0152,Z.
0153,Z.
0171,Z.
0150,Z.
0337,Z.
0215,Z.
0388,Z.
0410,Z.
0370,Q.
0001,Q.
0089,Q.
1160,Q.
0825,Q.
0831,Q.
0825,Q.
0831,Q.
0825,Q.
0831,Q.
0825,Q.
0831,Q.
0825,Q.
0831,Q.
0075,Q.
0076,Q.
0012,Q.
0001,Q.
0012,Q.
0001,Q.
0012,Q.
0012,Q.
0001,Q.
0316,Q.
0001,Q.
0313,Q.
0315,Q.
0001,Q.
0314,Q.
1101,Q.
1112,Q.
1148,Q.
1148,Q.
1148,Q.
1148,Q.
1148,Q.
1058,V.
0139,V.
0254,XF.
0001,I.
0739,I.
0685,I.
1102,I.
0685,I.
0001,I.
0041,I.
0001,I.
0464,I.
0001,I.
0001,I.
0004,I.
0001,I.
0503,I.
0604,I.
0001,I.
0468,I.
0469,I.
1046,I.
1045,I.
0038,I.
0090,I.
0468,I.
0469,I.
1047,I.
0466,I.
0469,I.
0685,I.
0470,I.
0738,I.
0957,I.
0038,I.
0788,I.
0467,I.
0014,N.
0719,N.
0001,N.
0004,N.
0004,G.
0371,G.
1180,G.
0001,G.
0005,G.
0212,G.
0716,G.
0004,G.
0008,G.
0001,G.
0001,G.
0001,G.
0036,G.
0001,G.
0008,G.
0001,G.
0021,G.
0036,G.
0001,G.
0036,G.
0001,G.
0036,G.
0036,G.
0395,G.
0001,G.
0021,G.
0001,G.
0001,G.
0001,G.
0001,G.
0004,G.
0004,G.
1208,G.
0004,G.
0372,G.
0372,G.
0004,G.
0372,G.
0004,G.
0004,G.
0372,G.
0004,G.
0372,G.
0372,G.
0568,G.
0033,G.
0009,G.
1140,G.
0009,G.
0073,G.
0896,G.
0226,G.
0643,G.
0001,G.
0601,G.
0019,G.
0601,G.
0761,G.
0004,G.
0005,G.
0009,G.
0004,G.
0785,G.
0169,G.
0673,G.
0034,G.
0004,G.
0033,G.
1169,G.
0004,G.
0001,G.
0495,G.
0004,G.
0004,G.
1016,G.
0425,G.
0019,G.
0207,G.
0498,G.
0019,G.
0207,G.
0498,G.
0001,G.
0400,G.
0008,G.
0001,G.
0021,G.
0001,G.
0001,G.
0001,G.
0001,G.
0003,G.
0021,G.
0001,G.
0001,G.
0397,G.
0547,H.
1055,H.
0001,H.
0001,G.
0008,G.
0017,G.
0033,G.
0004,G.
0009,G.
0585,G.
0004,G.
0651,G.
0004,G.
0039,G.
0584,G.
1106,G.
0009,G.
1107,G.
0073,G.
0034,G.
0025,G.
0034,G.
0004,G.
0052,G.
0034,G.
0004,G.
0409,G.
0025,G.
0052,G.
0034,G.
0004,G.
0409,G.
0182,G.
0052,G.
0034,G.
0548,G.
0034,G.
0004,G.
0052,G.
0004,G.
0009,G.
0019,G.
0004,G.
0009,G.
0019,G.
0009,G.
0004,G.
0019,G.
0001,G.
0001,G.
0003,G.
0001,G.
0008,G.
0001,G.
0001,G.
0004,G.
0001,G.
0548,G.
0001,G.
0001,G.
0017,G.
0001,G.
0017,G.
1179,G.
0001,G.
0486,G.
0039,G.
1103,G.
1179,G.
0905,G.
0019,G.
0003,G.
0095,G.
0610,G.
0288,G.
0006,G.
0264,G.
0001,G.
0611,G.
0004,G.
0001,G.
0034,G.
0004,G.
0052,G.
0034,G.
0004,G.
0034,G.
0004,G.
0034,G.
0004,G.
0034,G.
0004,G.
0052,G.
0409,G.
0180,G.
0052,G.
0034,G.
0004,G.
0409,G.
0180,G.
0052,G.
0034,G.
0004,G.
0034,G.
0004,G.
0009,G.
0004,G.
0001,G.
0644,G.
0004,G.
0034,G.
0004,G.
0052,G.
0034,G.
0004,G.
0052,G.
0034,G.
0004,G.
0004,G.
1178,G.
0005,G.
0004,G.
0650,G.
0004,G.
0019,G.
0576,G.
0004,G.
0019,G.
0576,G.
0033,G.
0003,G.
0490,G.
0004,G.
1178,G.
0005,G.
0004,G.
0650,G.
0004,G.
0019,G.
0576,G.
0033,G.
0003,G.
0490,G.
0004,G.
0033,G.
0003,G.
0490,G.
0004,G.
0255,G.
0743,G.
0004,G.
0651,G.
0004,G.
0004,G.
0019,G.
0251,G.
0004,G.
0019,G.
0004,G.
0039,G.
0019,G.
0004,G.
0502,G.
0743,G.
1038,G.
0004,G.
0009,G.
0650,G.
0004,G.
0001,G.
0641,G.
0807,G.
0808,G.
0001,G.
0001,G.
0001,G.
0001,G.
0021,G.
0001,G.
0008,G.
0001,G.
0008,G.
0001,G.
0008,G.
0001,G.
0906,G.
0001,G.
0931,G.
0001,G.
0001,G.
0021,G.
0993,M.
0014,M.
0001,M.
0014,M.
0992,M.
0004,M.
0299,H.
0299,H.
1158,H.
1159,H.
0454,H.
0335,H.
1158,H.
1159,H.
0454,H.
0132,H.
0655,S.
0001,S.
0225,QS.
0002,QS.
0001,P.
0063,P.
0063,P.
1213,P.
1200,P.
0472,P.
0324,P.
0017,P.
1065,P.
0017,P.
0056,P.
0634,P.
1152,P.
1065,P.
0017,P.
0056,P.
0634,P.
1152,P.
0017,P.
0393,P.
0001,P.
0014,P.
0001,P.
0186,P.
0004,P.
0001,P.
0001,P.
0001,P.
0003,P.
0001,P.
0146,P.
0014,P.
0004,P.
0146,P.
0247,P.
0178,P.
0001,P.
0004,P.
0001,P.
0496,P.
0001,P.
0001,P.
0001,P.
0669,P.
0017,P.
0017,P.
0741,P.
0001,P.
0004,P.
0612,P.
0001,P.
0821,P.
0004,P.
0001,P.
0935,P.
0001,P.
0936,P.
0001,P.
0004,P.
0672,P.
0614,P.
0001,P.
0686,P.
0017,P.
0414,P.
1157,P.
1221,P.
0273,P.
0780,P.
0001,P.
0020,P.
0051,P.
0055,P.
0491,P.
0001,P.
0020,P.
0051,P.
0055,P.
0491,P.
0497,P.
0004,P.
0497,P.
0001,P.
0004,P.
0147,P.
0004,P.
1164,P.
0001,P.
0006,P.
0001,P.
0001,P.
0001,P.
0001,P.
0671,P.
0001,P.
0671,P.
0004,P.
0497,P.
0001,P.
0671,P.
0001,P.
0645,P.
1069,P.
0404,P.
0403,P.
0741,P.
0004,P.
0968,P.
0001,P.
1001,P.
0001,P.
0001,P.
0001,P.
0286,P.
0287,P.
0287,P.
0285,P.
0284,P.
0001,P.
0546,P.
1202,P.
0031,P.
1206,P.
0031,P.
0626,P.
1195,P.
1001,P.
0824,P.
0001,P.
1001,P.
0001,P.
0001,P.
1001,P.
0001,P.
0824,P.
0001,P.
1163,P.
0001,P.
0031,P.
0326,P.
0327,P.
0014,P.
0937,P.
0001,P.
0937,P.
0001,P.
0014,P.
0001,P.
0615,P.
0672,P.
0001,P.
0001,P.
0001,P.
0001,P.
0031,P.
0001,P.
0004,P.
0001,P.
0004,P.
0001,P.
0004,P.
0011,P.
0001,P.
0004,P.
0001,P.
0004,P.
0011,P.
0022,P.
0088,P.
0740,P.
0001,P.
0004,P.
0039,P.
0740,P.
0001,P.
0004,P.
0039,P.
0155,P.
0803,P.
0097,P.
0804,P.
0001,P.
0004,P.
0011,P.
0022,P.
0011,P.
0022,P.
0001,P.
0011,P.
0022,P.
0004,P.
0001,P.
0413,P.
0001,P.
0001,P.
0009,P.
0001,P.
0001,P.
0001,P.
1098,P.
1098,P.
0001,P.
0006,P.
0001,P.
0006,P.
0033,P.
0001,P.
0680,P.
0001,P.
0001,P.
0006,P.
0001,P.
0099,P.
0098,P.
1036,P.
0100,P.
0561,P.
0965,P.
1079,P.
1154,P.
0688,P.
1153,P.
1155,P.
0031,P.
0001,P.
0186,P.
0001,P.
0058,P.
0106,H.
0197,H.
0434,H.
0451,H.
1173,H.
0197,H.
0613,H.
0001,H.
0027,H.
0225,H.
0197,H.
0613,H.
0001,H.
0027,H.
0225,H.
0197,H.
0027,H.
0452,H.
0225,H.
0613,H.
0129,H.
0197,H.
0613,H.
0027,H.
0001,H.
0001,H.
0451,H.
0434,H.
0197,H.
0053,H.
0449,H.
0447,H.
0157,H.
0202,H.
0994,H.
0683,H.
0222,H.
0002,H.
0201,H.
0141,H.
1188,H.
0001,H.
0851,H.
1006,H.
0216,H.
0602,H.
0430,H.
0917,H.
0940,H.
1192,H.
0613,H.
0222,H.
0225,H.
0001,H.
1191,H.
1190,H.
0025,H.
1215,H.
0613,H.
0222,H.
0225,H.
0001,H.
1191,H.
0144,C.
0606,C.
0474,C.
0145,C.
1054,C.
0721,C.
0479,W.
0001,W.
1105,W.
0480,W.
0001,W.
1105,W.
0001,W.
1105,W.
0462,W.
0480,W.
0001,W.
1105,W.
0001,W.
0728,W.
0004,W.
0749,W.
0009,W.
0529,W.
1084,W.
0607,W.
0609,W.
0125,W.
0032,W.
0001,W.
0004,W.
0009,W.
0529,W.
0001,W.
1084,W.
0748,W.
0179,W.
0182,W.
0748,W.
0001,W.
0792,W.
0728,W.
0001,W.
1086,W.
0032,W.
1081,W.
0792,W.
1080,W.
0782,W.
1085,W.
0179,W.
0253,W.
0151,W.
0596,W.
0838,W.
0419,W.
0039,W.
0001,W.
0001,W.
0001,W.
0001,W.
0719,W.
0001,W.
0125,W.
0529,W.
1083,W.
0009,W.
0237,W.
1039,W.
0002,W.
0125,W.
0529,W.
1083,W.
0009,W.
0609,W.
0728,W.
0569,W.
1080,W.
0001,W.
1081,W.
0002,W.
0004,W.
0027,W.
0630,W.
0236,W.
0110,W.
0032,W.
0308,W.
1081,W.
0032,W.
0110,W.
0308,W.
0728,W.
0001,W.
1080,W.
0002,W.
1081,W.
0004,W.
0027,W.
0630,W.
0236,W.
0728,W.
0001,W.
1080,W.
0001,W.
1081,W.
0002,W.
0004,W.
0308,W.
0232,W.
1083,W.
0728,W.
0528,W.
1080,W.
0617,W.
1081,W.
0224,W.
0032,W.
0001,W.
0252,W.
0004,W.
0809,W.
0009,W.
0110,W.
0032,W.
0773,W.
0742,W.
0262,W.
0001,W.
0004,W.
0523,W.
0272,W.
0729,W.
0001,W.
0041,W.
0317,W.
0009,W.
0729,W.
0001,W.
0041,W.
0317,W.
0009,W.
0732,W.
0001,W.
0731,W.
0004,W.
0009,W.
0001,W.
0032,W.
0237,W.
0108,W.
1129,W.
0001,W.
0001,W.
1126,W.
0001,W.
0001,W.
0001,W.
0001,W.
0001,W.
0275,W.
0001,W.
0001,W.
0001,W.
0001,W.
0001,W.
0001,W.
0001,W.
0001,W.
0001,W.
0001,W.
0001,W.
0001,W.
1099,W.
0001,W.
1099,W.
0001,W.
1099,W.
0001,W.
0001,W.
1127,W.
0719,K.
0300,K.
0597,K.
0346,K.
0064,R.
0001,Q.
1222,Q.
0001,Q.
0508,QS-DT.
0509,QS-DT.
0446,QS-DT.
0213,QS-DT.
0482,QS-DT.
0214,QS-DT.
0078,QS-DT.
0271,Z.
0111,Z.
0030,Z.
1165,Z.
0244,Z.
0001,Z.
0030,Z.
0484,Z.
0366,Z.
0245,Z.
0248,Z.
0001,Z.
0668,Z.
1115,Z.
0365,Z.
0002,Z.
0001,Z.
0826,Q.
0827,Q.
0674,Q.
0913,Q.
0826,Q.
0827,Q.
0674,Q.
0913,Q.
0766,Q.
0826,Q.
0827,Q.
0674,Q.
0913,Q.
0128,Q.
0826,Q.
0827,Q.
0674,Q.
0826,Q.
0827,Q.
0674,Q.
0913,Q.
0336,Q.
0826,Q.
0827,Q.
0674,Q.
0913,Q.
0826,Q.
0826,Q.
0827,Q.
0674,Q.
0913,Q.
0070,Q.
0007,Q.
0046,Q.
1150,Q.
0856,Q.
0007,Q.
0046,Q.
1150,Q.
0007,Q.
0007,Q.
1015,Q.
0007,Q.
0007,Q.
1136,Q.
0007,Q.
1087,Q.
0007,Q.
1015,Q.
0954,Q.
1015,Q.
0343,Q.
0007,Q.
0007,Q.
1089,Q.
0384,Q.
0007,Q.
0658,Q.
1149,Q.
0142,Q.
0007,Q.
0870,Q.
0007,Q.
1116,Q.
1015,Q.
0007,Q.
0007,Q.
1147,Q.
0007,Q.
1090,Q.
0007,Q.
0772,Q.
0007,Q.
0048,Q.
0048,Q.
0048,Q.
0048,Q.
0048,Q.
0048,Q.
0048,Q.
0392,Q.
0103,Q.
0390,Q.
0103,Q.
0048,Q.
0048,Q.
0048,Q.
0048,Q.
0389,Q.
0103,Q.
0048,Q.
1185,Q.
0048,Q.
0048,Q.
0048,Q.
0048,Q.
0048,Q.
0048,Q.
0048,Q.
0048,Q.
0048,Q.
0048,Q.
0048,Q.
0048,Q.
0048,Q.
0391,Q.
0103,Q.
0710,Q.
1088,Q.
1091,Q.
0715,Q.
0519,Q.
0599,Q.
0713,Q.
0943,Q.
0711,Q.
0531,Q.
0532,Q.
0712,Q.
0714,Q.
0520,Q.
0598,Q.
0760,Q.
1151,H.
1066,H.
0720,H.
0795,H.
0684,O.
0344,O.
0367,O.
0368,O.
0620,O.
0618,O.
0619,O.
0621,O.
0622,O.
0618,O.
0001,QS-GD.
0891,QS-GD.
0191,D.
0191,D.
0001,D.
0191,D.
0190,D.
0001,D.
0006,W.
0001,W.
0006,W.
0001,W.
0189,W.
0006,W.
0002,W.
0001,W.
0703,W.
0006,W.
0130,W.
1218,W.
0006,W.
0001,W.
0006,W.
0001,W.
1189,W.
0006,W.
0001,W.
0001,W.
1193,W.
0001,W.
0006,W.
0001,W.
0006,W.
0001,W.
0006,W.
0001,W.
0006,W.
0001,W.
0006,W.
0001,W.
0121,HX-CL.
0120,HX-CL.
0120,HX-CL.
0120,HX-CL.
0001,U.
0521,U.
0001,U.
0001,U.
0854,U.
0001,U.
0938,U.
0001,U.
0939,U.
0001,U.
0001,U.
0058,U.
0659,U.
0969,U.
0659,U.
0969,U.
0969,U.
0659,U.
0659,U.
0969,U.
0659,U.
0659,U.
0004,U.
0405,U.
0001,U.
0405,U.
0405,U.
0631,U.
0118,U.
0001,U.
0131,U.
0131,U.
0970,U.
0969,U.
0131,U.
0521,U.
0969,U.
0096,U.
0001,U.
0987,U.
0001,U.
0987,U.
1097,U.
0001,U.
0759,U.
0001,U.
0987,U.
0969,U.
0759,U.
0001,U.
0987,U.
0759,U.
0001,U.
0987,U.
0001,U.
0269,U.
0001,U.
1210,M.
1220,M.
0565,M.
0001,M.
0407,M.
0967,M.
0001,QS-RQ.
0231,QS-RQ.
0001,QS-RQ.
0001,QS-RQ.
0001,QS-RQ.
0855,QS-RQ.
0001,QS-RQ.
0001,QS-RQ.
0001,QS-RQ.
